280,9.63402E+17
280.5,4.15451E+19
281,2.33516E+20
281.5,1.04945E+22
282,1.08449E+23
282.5,5.08634E+23
283,2.59724E+24
283.5,5.62089E+24
284,1.92027E+26
284.5,8.34644E+26
285,3.47985E+27
285.5,2.49538E+28
286,9.11953E+28
286.5,7.17451E+29
287,2.82478E+30
287.5,1.42829E+31
288,1.09642E+32
288.5,3.54815E+32
289,1.37144E+33
289.5,6.036E+33
290,2.02442E+34
290.5,5.24299E+34
291,1.53833E+35
291.5,5.70476E+35
292,1.61588E+36
292.5,2.79427E+36
293,6.2648E+36
293.5,1.87528E+37
294,3.77163E+37
294.5,6.37878E+37
295,1.29057E+38
295.5,3.21549E+38
296,5.91812E+38
296.5,9.37751E+38
297,1.33723E+39
297.5,2.74105E+39
298,4.4986E+39
298.5,5.77898E+39
299,8.24408E+39
299.5,1.51911E+40
300,1.85722E+40
300.5,2.33226E+40
301,3.75395E+40
301.5,5.3998E+40
302,5.96966E+40
302.5,8.99189E+40
303,1.53464E+41
303.5,1.97825E+41
304,2.10231E+41
304.5,2.67182E+41
305,3.69666E+41
305.5,4.2218E+41
306,4.21377E+41
306.5,4.8103E+41
307,6.35005E+41
307.5,8.12175E+41
308,8.67191E+41
308.5,9.52181E+41
309,9.34776E+41
309.5,9.93983E+41
310,1.1703E+42
310.5,1.51142E+42
311,1.91524E+42
311.5,1.95061E+42
312,2.15446E+42
312.5,2.27951E+42
313,2.47667E+42
313.5,2.50937E+42
314,2.78035E+42
314.5,3.00708E+42
315,3.14904E+42
315.5,2.7751E+42
316,2.87617E+42
316.5,3.48317E+42
317,4.00054E+42
317.5,4.29511E+42
318,4.13375E+42
318.5,4.32324E+42
319,4.7481E+42
319.5,4.63504E+42
320,4.89583E+42
320.5,5.7853E+42
321,5.8418E+42
321.5,5.5905E+42
322,5.32965E+42
322.5,5.23729E+42
323,5.09335E+42
323.5,5.87808E+42
324,6.5285E+42
324.5,6.80932E+42
325,6.83613E+42
325.5,7.92063E+42
326,9.22957E+42
326.5,9.81692E+42
327,9.68644E+42
327.5,9.45732E+42
328,8.79892E+42
328.5,9.21434E+42
329,1.03987E+43
329.5,1.1562E+43
330,1.17264E+43
330.5,1.08075E+43
331,1.02544E+43
331.5,1.06297E+43
332,1.1039E+43
332.5,1.11219E+43
333,1.09615E+43
333.5,1.05265E+43
334,1.07951E+43
334.5,1.15423E+43
335,1.20336E+43
335.5,1.17862E+43
336,1.08552E+43
336.5,1.00888E+43
337,9.95203E+42
337.5,1.07301E+43
338,1.16113E+43
338.5,1.21924E+43
339,1.2462E+43
339.5,1.28263E+43
340,1.3681E+43
340.5,1.37081E+43
341,1.29223E+43
341.5,1.29046E+43
342,1.35119E+43
342.5,1.40776E+43
343,1.43592E+43
343.5,1.36294E+43
344,1.18319E+43
344.5,1.14224E+43
345,1.30374E+43
345.5,1.39501E+43
346,1.36751E+43
346.5,1.39839E+43
347,1.42729E+43
347.5,1.38376E+43
348,1.38363E+43
348.5,1.41294E+43
349,1.36667E+43
349.5,1.40922E+43
350,1.56285E+43
350.5,1.68673E+43
351,1.6478E+43
351.5,1.5922E+43
352,1.56037E+43
352.5,1.48033E+43
353,1.57922E+43
353.5,1.74337E+43
354,1.85015E+43
354.5,1.87777E+43
355,1.88509E+43
355.5,1.82688E+43
356,1.72073E+43
356.5,1.62003E+43
357,1.43011E+43
357.5,1.45263E+43
358,1.35685E+43
358.5,1.26448E+43
359,1.49282E+43
359.5,1.80525E+43
360,1.91653E+43
360.5,1.8178E+43
361,1.67883E+43
361.5,1.6502E+43
362,1.73613E+43
362.5,1.90839E+43
363,1.97017E+43
363.5,1.92303E+43
364,1.99866E+43
364.5,1.98692E+43
365,2.07041E+43
365.5,2.28647E+43
366,2.45833E+43
366.5,2.47093E+43
367,2.43323E+43
367.5,2.39526E+43
368,2.26262E+43
368.5,2.25504E+43
369,2.36514E+43
369.5,2.54941E+43
370,2.59352E+43
370.5,2.35233E+43
371,2.39728E+43
371.5,2.49925E+43
372,2.34712E+43
372.5,2.24329E+43
373,2.16756E+43
373.5,1.96012E+43
374,1.96117E+43
374.5,1.95282E+43
375,2.09035E+43
375.5,2.31867E+43
376,2.40868E+43
376.5,2.37715E+43
377,2.55809E+43
377.5,2.86243E+43
378,3.09309E+43
378.5,3.02416E+43
379,2.70545E+43
379.5,2.433E+43
380,2.56489E+43
380.5,2.75643E+43
381,2.81319E+43
381.5,2.54313E+43
382,2.17451E+43
382.5,1.88691E+43
383,1.69644E+43
383.5,1.64715E+43
384,1.91139E+43
384.5,2.30773E+43
385,2.5405E+43
385.5,2.43455E+43
386,2.35575E+43
386.5,2.45654E+43
387,2.48571E+43
387.5,2.45674E+43
388,2.43986E+43
388.5,2.42961E+43
389,2.64516E+43
389.5,2.94005E+43
390,3.09303E+43
390.5,3.12778E+43
391,3.32254E+43
391.5,3.379E+43
392,3.11948E+43
392.5,2.60719E+43
393,1.8929E+43
393.5,1.50933E+43
394,1.96603E+43
394.5,2.71949E+43
395,3.22052E+43
395.5,3.43949E+43
396,3.03241E+43
396.5,2.21095E+43
397,1.71719E+43
397.5,2.54279E+43
398,3.45276E+43
398.5,4.08846E+43
399,4.35267E+43
399.5,4.49752E+43
400,4.55791E+43
401,4.7707E+43
402,4.98418E+43
403,4.82293E+43
404,4.92468E+43
405,4.82697E+43
406,4.73033E+43
407,4.66837E+43
408,4.8981E+43
409,5.25575E+43
410,4.50059E+43
411,5.06136E+43
412,5.40436E+43
413,5.2082E+43
414,5.17492E+43
415,5.38082E+43
416,5.56643E+43
417,5.45331E+43
418,5.23955E+43
419,5.4773E+43
420,5.04097E+43
421,5.74997E+43
422,5.69658E+43
423,5.53975E+43
424,5.53277E+43
425,5.7263E+43
426,5.5869E+43
427,5.41944E+43
428,5.49456E+43
429,5.10819E+43
430,4.09148E+43
431,3.72939E+43
432,6.229E+43
433,5.81869E+43
434,5.39659E+43
435,5.94295E+43
436,6.54281E+43
437,6.70307E+43
438,5.90478E+43
439,5.70296E+43
440,6.56224E+43
441,6.49698E+43
442,6.98005E+43
443,7.10583E+43
444,6.94959E+43
445,7.23994E+43
446,6.51437E+43
447,7.43318E+43
448,7.5501E+43
449,7.55903E+43
450,7.86403E+43
451,8.18438E+43
452,7.8628E+43
453,7.28528E+43
454,7.84093E+43
455,7.8119E+43
456,8.09695E+43
457,8.1922E+43
458,8.04423E+43
459,8.00761E+43
460,7.98262E+43
461,8.29018E+43
462,8.39403E+43
463,8.44989E+43
464,8.21822E+43
465,8.14131E+43
466,8.339E+43
467,7.99322E+43
468,8.36717E+43
469,8.42895E+43
470,8.12937E+43
471,8.29109E+43
472,8.74798E+43
473,8.43474E+43
474,8.55547E+43
475,8.86415E+43
476,8.58834E+43
477,8.66656E+43
478,8.97461E+43
479,8.82897E+43
480,9.00305E+43
481,9.02898E+43
482,9.08895E+43
483,9.00493E+43
484,8.85941E+43
485,8.85469E+43
486,7.19884E+43
487,8.08381E+43
488,8.77373E+43
489,8.28751E+43
490,9.28567E+43
491,8.94957E+43
492,8.55596E+43
493,9.17598E+43
494,8.98214E+43
495,9.56175E+43
496,9.11675E+43
497,9.29696E+43
498,9.0677E+43
499,9.09133E+43
500,9.08377E+43
501,8.82938E+43
502,8.84768E+43
503,9.27885E+43
504,8.67164E+43
505,9.31643E+43
506,9.71588E+43
507,9.31893E+43
508,9.10437E+43
509,9.56424E+43
510,9.33879E+43
511,9.53458E+43
512,9.81164E+43
513,9.24061E+43
514,9.06755E+43
515,9.35209E+43
516,9.46056E+43
517,7.72746E+43
518,8.85841E+43
519,8.60583E+43
520,9.41749E+43
521,9.50841E+43
522,9.74478E+43
523,9.20716E+43
524,9.92572E+43
525,9.8713E+43
526,9.61893E+43
527,8.43319E+43
528,9.67627E+43
529,1.01496E+44
530,9.77764E+43
531,1.03364E+44
532,1.01725E+44
533,9.10408E+43
534,9.77391E+43
535,9.94464E+43
536,1.0393E+44
537,9.63794E+43
538,1.01427E+44
539,9.91442E+43
540,9.59435E+43
541,9.2444E+43
542,1.00843E+44
543,9.94012E+43
544,1.03112E+44
545,1.0098E+44
546,1.00269E+44
547,1.01796E+44
548,9.9112E+43
549,1.02429E+44
550,1.01839E+44
551,1.01957E+44
552,1.04269E+44
553,1.01532E+44
554,1.03737E+44
555,1.04534E+44
556,1.02973E+44
557,1.00664E+44
558,1.03056E+44
559,9.77191E+43
560,9.96641E+43
561,1.0568E+44
562,1.00836E+44
563,1.0488E+44
564,1.03039E+44
565,1.03904E+44
566,9.84667E+43
567,1.05179E+44
568,1.04448E+44
569,1.02115E+44
570,1.02387E+44
571,9.92358E+43
572,1.05028E+44
573,1.05686E+44
574,1.05341E+44
575,1.03168E+44
576,1.02512E+44
577,1.05304E+44
578,1.02256E+44
579,1.03925E+44
580,1.05875E+44
581,1.06554E+44
582,1.08404E+44
583,1.09721E+44
584,1.09696E+44
585,1.09026E+44
586,1.06605E+44
587,1.09168E+44
588,1.06921E+44
589,9.25512E+43
590,9.85836E+43
591,1.05606E+44
592,1.03608E+44
593,1.0528E+44
594,1.04998E+44
595,1.03891E+44
596,1.07219E+44
597,1.07747E+44
598,1.06622E+44
599,1.06824E+44
600,1.08085E+44
601,1.07002E+44
602,1.05587E+44
603,1.08029E+44
604,1.10125E+44
605,1.10135E+44
606,1.09783E+44
607,1.10631E+44
608,1.10467E+44
609,1.09822E+44
610,1.09548E+44
611,1.09172E+44
612,1.11011E+44
613,1.09629E+44
614,1.06484E+44
615,1.10587E+44
616,1.07859E+44
617,1.06678E+44
618,1.10909E+44
619,1.11626E+44
620,1.11865E+44
621,1.12551E+44
622,1.08707E+44
623,1.08129E+44
624,1.07947E+44
625,1.07408E+44
626,1.07478E+44
627,1.10772E+44
628,1.05035E+44
629,1.08872E+44
630,1.07601E+44
631,1.09569E+44
632,1.05696E+44
633,1.12587E+44
634,1.11019E+44
635,1.12555E+44
636,1.1017E+44
637,1.14111E+44
638,1.15052E+44
639,1.14764E+44
640,1.12547E+44
641,1.12793E+44
642,1.13186E+44
643,1.1454E+44
644,1.14229E+44
645,1.15247E+44
646,1.12156E+44
647,1.11865E+44
648,1.10991E+44
649,1.0772E+44
650,1.08459E+44
651,1.15444E+44
652,1.11084E+44
653,1.14727E+44
654,1.13634E+44
655,1.08591E+44
656,9.54696E+43
657,9.99917E+43
658,1.11945E+44
659,1.12527E+44
660,1.13432E+44
661,1.13155E+44
662,1.12428E+44
663,1.12787E+44
664,1.1393E+44
665,1.16123E+44
666,1.16198E+44
667,1.15531E+44
668,1.16094E+44
669,1.18282E+44
670,1.16832E+44
671,1.16788E+44
672,1.15339E+44
673,1.16506E+44
674,1.16515E+44
675,1.15744E+44
676,1.17264E+44
677,1.16363E+44
678,1.1716E+44
679,1.16338E+44
680,1.16703E+44
681,1.16422E+44
682,1.17157E+44
683,1.16069E+44
684,1.15487E+44
685,1.1574E+44
686,1.13303E+44
687,8.22862E+43
688,9.5161E+43
689,9.59069E+43
690,1.00596E+44
691,1.05007E+44
692,1.08116E+44
693,1.07614E+44
694,1.06564E+44
695,1.08792E+44
696,1.08713E+44
697,1.14902E+44
698,1.13268E+44
699,1.11154E+44
700,1.10506E+44
701,1.09266E+44
702,1.09526E+44
703,1.10321E+44
704,1.13315E+44
705,1.14671E+44
706,1.14221E+44
707,1.13903E+44
708,1.13719E+44
709,1.14274E+44
710,1.15148E+44
711,1.15117E+44
712,1.14525E+44
713,1.13361E+44
714,1.14527E+44
715,1.10856E+44
716,1.12177E+44
717,9.80632E+43
718,9.14425E+43
719,8.22064E+43
720,8.78554E+43
721,9.68075E+43
722,1.10501E+44
723,1.02238E+44
724,9.45955E+43
725,9.31878E+43
726,9.71547E+43
727,9.76338E+43
728,9.37976E+43
729,9.44556E+43
730,1.01951E+44
731,9.68956E+43
732,1.04474E+44
733,1.08406E+44
734,1.12139E+44
735,1.10696E+44
736,1.09778E+44
737,1.09768E+44
738,1.11979E+44
739,1.08832E+44
740,1.1163E+44
741,1.11369E+44
742,1.11579E+44
743,1.14068E+44
744,1.1515E+44
745,1.15265E+44
746,1.15187E+44
747,1.15422E+44
748,1.14907E+44
749,1.14685E+44
750,1.14705E+44
751,1.14359E+44
752,1.1493E+44
753,1.14521E+44
754,1.16136E+44
755,1.15962E+44
756,1.1472E+44
757,1.1478E+44
758,1.15651E+44
759,1.1257E+44
760,2.54844E+43
761,1.47929E+43
762,6.56372E+43
763,3.64552E+43
764,5.17067E+43
765,6.57773E+43
766,7.80254E+43
767,9.32096E+43
768,1.06508E+44
769,1.0795E+44
770,1.11214E+44
771,1.12091E+44
772,1.13137E+44
773,1.13231E+44
774,1.13409E+44
775,1.13566E+44
776,1.13986E+44
777,1.13469E+44
778,1.1351E+44
779,1.14173E+44
780,1.13092E+44
781,1.12973E+44
782,1.13669E+44
783,1.13368E+44
784,1.12768E+44
785,1.13413E+44
786,1.13632E+44
787,1.12431E+44
788,1.11173E+44
789,1.10886E+44
790,1.07661E+44
791,1.09236E+44
792,1.08353E+44
793,1.07748E+44
794,1.0881E+44
795,1.08569E+44
796,1.06897E+44
797,1.08745E+44
798,1.10917E+44
799,1.0892E+44
800,1.07297E+44
801,1.08648E+44
802,1.08927E+44
803,1.07078E+44
804,1.08481E+44
805,1.06233E+44
806,1.10684E+44
807,1.09683E+44
808,1.0945E+44
809,1.06852E+44
810,1.07132E+44
811,1.07028E+44
812,1.04526E+44
813,1.02839E+44
814,9.24133E+43
815,9.16931E+43
816,8.54333E+43
817,8.75476E+43
818,8.4675E+43
819,9.3162E+43
820,8.8887E+43
821,1.02799E+44
822,9.82284E+43
823,6.987E+43
824,9.6833E+43
825,1.00457E+44
826,9.69683E+43
827,1.02301E+44
828,8.85983E+43
829,9.68763E+43
830,9.56362E+43
831,9.65812E+43
832,9.36441E+43
833,1.00154E+44
834,9.79957E+43
835,1.0526E+44
836,1.02231E+44
837,1.06167E+44
838,1.05261E+44
839,1.05612E+44
840,1.07266E+44
841,1.06826E+44
842,1.05565E+44
843,1.06559E+44
844,1.04697E+44
845,1.08022E+44
846,1.08403E+44
847,1.05658E+44
848,1.05856E+44
849,1.05332E+44
850,9.55997E+43
851,1.04434E+44
852,1.03965E+44
853,1.03621E+44
854,9.1531E+43
855,9.83034E+43
856,1.04918E+44
857,1.07036E+44
858,1.07202E+44
859,1.07312E+44
860,1.07067E+44
861,1.07056E+44
862,1.08021E+44
863,1.0881E+44
864,1.06617E+44
865,1.05017E+44
866,9.26785E+43
867,1.00059E+44
868,1.04972E+44
869,1.04046E+44
870,1.0615E+44
871,1.04781E+44
872,1.0634E+44
873,1.0541E+44
874,1.03695E+44
875,1.02334E+44
876,1.05328E+44
877,1.05832E+44
878,1.05547E+44
879,1.03922E+44
880,1.04387E+44
881,1.01074E+44
882,1.0385E+44
883,1.03617E+44
884,1.04172E+44
885,1.05555E+44
886,1.0159E+44
887,1.02046E+44
888,1.03487E+44
889,1.04981E+44
890,1.03936E+44
891,1.04267E+44
892,1.02487E+44
893,9.86332E+43
894,9.63191E+43
895,9.22292E+43
896,8.66298E+43
897,7.58287E+43
898,8.1794E+43
899,6.27655E+43
900,8.47748E+43
901,6.86516E+43
902,7.64838E+43
903,7.8998E+43
904,9.67207E+43
905,9.37274E+43
906,8.91172E+43
907,7.3626E+43
908,7.52569E+43
909,8.12852E+43
910,7.22892E+43
911,7.73459E+43
912,7.98163E+43
913,7.29648E+43
914,7.28389E+43
915,7.88896E+43
916,6.72307E+43
917,8.50337E+43
918,6.92619E+43
919,8.62303E+43
920,8.69432E+43
921,9.12199E+43
922,8.20374E+43
923,8.72781E+43
924,8.47062E+43
925,8.36057E+43
926,8.27589E+43
927,9.26693E+43
928,6.97029E+43
929,6.52772E+43
930,5.13259E+43
931,4.86793E+43
932,3.58925E+43
933,2.96944E+43
934,1.72384E+43
935,3.00511E+43
936,1.93871E+43
937,1.96443E+43
938,2.41307E+43
939,4.78887E+43
940,5.66372E+43
941,4.47735E+43
942,4.88097E+43
943,3.36333E+43
944,3.45629E+43
945,4.45253E+43
946,2.36268E+43
947,4.49806E+43
948,3.33254E+43
949,5.98871E+43
950,1.79719E+43
951,5.87863E+43
952,3.28293E+43
953,4.19453E+43
954,5.17561E+43
955,4.1725E+43
956,4.02019E+43
957,3.32263E+43
958,5.64766E+43
959,4.59201E+43
960,5.16869E+43
961,5.66899E+43
962,5.43775E+43
963,6.21698E+43
964,5.65543E+43
965,6.21471E+43
966,6.20909E+43
967,6.21237E+43
968,8.05056E+43
969,8.4768E+43
970,7.85505E+43
971,8.83404E+43
972,8.52269E+43
973,7.53507E+43
974,7.15815E+43
975,7.34619E+43
976,7.13339E+43
977,7.9641E+43
978,7.68286E+43
979,7.97535E+43
980,7.57067E+43
981,8.92489E+43
982,8.67339E+43
983,8.39056E+43
984,9.25015E+43
985,8.65071E+43
986,9.4379E+43
987,9.305E+43
988,9.25679E+43
989,9.44488E+43
990,9.24652E+43
991,9.52341E+43
992,9.50126E+43
993,9.33947E+43
994,9.56006E+43
995,9.54025E+43
996,9.51416E+43
997,9.4082E+43
998,9.40762E+43
999,9.41352E+43
1000,9.38279E+43
1001,9.50815E+43
1002,9.3117E+43
1003,9.401E+43
1004,9.27008E+43
1005,8.74537E+43
1006,9.15083E+43
1007,9.35338E+43
1008,9.35501E+43
1009,9.27326E+43
1010,9.27601E+43
1011,9.33169E+43
1012,9.29053E+43
1013,9.28446E+43
1014,9.33379E+43
1015,9.18161E+43
1016,9.23201E+43
1017,9.13913E+43
1018,9.28982E+43
1019,8.9695E+43
1020,9.11101E+43
1021,9.15707E+43
1022,9.00977E+43
1023,9.08937E+43
1024,9.04088E+43
1025,9.1401E+43
1026,9.13482E+43
1027,9.10094E+43
1028,9.12096E+43
1029,9.03058E+43
1030,9.09595E+43
1031,9.0638E+43
1032,9.08001E+43
1033,8.9345E+43
1034,8.99716E+43
1035,9.03563E+43
1036,9.04085E+43
1037,8.95686E+43
1038,8.92283E+43
1039,8.99359E+43
1040,8.94073E+43
1041,8.95116E+43
1042,8.96357E+43
1043,8.8826E+43
1044,8.93276E+43
1045,8.89099E+43
1046,8.66762E+43
1047,8.808E+43
1048,8.89476E+43
1049,8.85301E+43
1050,8.8039E+43
1051,8.82084E+43
1052,8.77571E+43
1053,8.75762E+43
1054,8.72962E+43
1055,8.76567E+43
1056,8.74718E+43
1057,8.73467E+43
1058,8.65337E+43
1059,8.39819E+43
1060,8.6391E+43
1061,8.44875E+43
1062,8.61347E+43
1063,8.48212E+43
1064,8.62103E+43
1065,8.59142E+43
1066,8.43592E+43
1067,8.48827E+43
1068,8.48522E+43
1069,8.03878E+43
1070,8.30034E+43
1071,8.47171E+43
1072,8.46362E+43
1073,8.31022E+43
1074,8.5648E+43
1075,8.1752E+43
1076,8.48746E+43
1077,8.3542E+43
1078,8.34748E+43
1079,8.37484E+43
1080,8.28135E+43
1081,8.06229E+43
1082,8.18718E+43
1083,8.3167E+43
1084,8.05554E+43
1085,8.26729E+43
1086,7.73462E+43
1087,7.91709E+43
1088,8.28956E+43
1089,8.10467E+43
1090,7.78677E+43
1091,8.24773E+43
1092,8.15544E+43
1093,7.17962E+43
1094,7.58737E+43
1095,7.33329E+43
1096,7.09732E+43
1097,8.15661E+43
1098,7.10699E+43
1099,7.18086E+43
1100,6.88175E+43
1101,7.04575E+43
1102,6.65505E+43
1103,6.62787E+43
1104,6.652E+43
1105,7.20567E+43
1106,5.67792E+43
1107,6.88845E+43
1108,5.94028E+43
1109,5.90532E+43
1110,6.8514E+43
1111,4.75882E+43
1112,5.93351E+43
1113,3.86546E+43
1114,4.31887E+43
1115,3.60526E+43
1116,2.91051E+43
1117,1.15421E+43
1118,3.14931E+43
1119,1.64278E+43
1120,2.06075E+43
1121,2.69998E+43
1122,1.18975E+43
1123,1.86714E+43
1124,1.58547E+43
1125,2.10536E+43
1126,7.54563E+42
1127,2.29839E+43
1128,1.45301E+43
1129,1.55208E+43
1130,1.03586E+43
1131,4.32723E+43
1132,3.43385E+43
1133,2.2536E+43
1134,6.15214E+42
1135,2.28191E+42
1136,1.89877E+43
1137,4.23774E+43
1138,2.99953E+43
1139,4.40157E+43
1140,3.78106E+43
1141,2.86162E+43
1142,3.32816E+43
1143,4.61459E+43
1144,1.6829E+43
1145,2.17106E+43
1146,2.34538E+43
1147,8.82561E+42
1148,4.03359E+43
1149,3.25705E+43
1150,1.81732E+43
1151,3.0377E+43
1152,3.6988E+43
1153,3.5606E+43
1154,2.13599E+43
1155,4.68576E+43
1156,4.20896E+43
1157,4.71538E+43
1158,4.67703E+43
1159,5.05735E+43
1160,4.30756E+43
1161,5.22422E+43
1162,5.26734E+43
1163,7.04411E+43
1164,6.05338E+43
1165,5.86069E+43
1166,5.66023E+43
1167,6.19136E+43
1168,6.34134E+43
1169,6.39911E+43
1170,6.94158E+43
1171,6.79166E+43
1172,6.89605E+43
1173,6.92612E+43
1174,5.12758E+43
1175,6.87735E+43
1176,7.25096E+43
1177,7.19214E+43
1178,5.49634E+43
1179,7.37615E+43
1180,6.73212E+43
1181,6.95749E+43
1182,4.95566E+43
1183,6.7173E+43
1184,6.43865E+43
1185,6.25519E+43
1186,7.32404E+43
1187,7.00428E+43
1188,5.16391E+43
1189,6.40164E+43
1190,7.12369E+43
1191,6.88956E+43
1192,7.30498E+43
1193,7.01961E+43
1194,7.2492E+43
1195,6.91805E+43
1196,6.68321E+43
1197,7.39344E+43
1198,6.73307E+43
1199,5.67207E+43
1200,6.96621E+43
1201,6.80028E+43
1202,6.80724E+43
1203,6.76362E+43
1204,5.65914E+43
1205,6.81949E+43
1206,7.50547E+43
1207,6.7211E+43
1208,6.78157E+43
1209,6.48685E+43
1210,7.10273E+43
1211,6.62425E+43
1212,6.67133E+43
1213,7.37328E+43
1214,6.82579E+43
1215,6.73383E+43
1216,7.34285E+43
1217,7.17519E+43
1218,7.24471E+43
1219,7.0517E+43
1220,7.23707E+43
1221,7.35714E+43
1222,7.14482E+43
1223,7.03518E+43
1224,7.10537E+43
1225,7.33603E+43
1226,7.43434E+43
1227,6.88507E+43
1228,7.42114E+43
1229,7.43786E+43
1230,7.33043E+43
1231,7.52662E+43
1232,7.44214E+43
1233,7.25313E+43
1234,7.51583E+43
1235,7.44082E+43
1236,7.51158E+43
1237,7.4277E+43
1238,7.50677E+43
1239,7.42878E+43
1240,7.40399E+43
1241,7.43E+43
1242,7.44424E+43
1243,7.37148E+43
1244,7.34147E+43
1245,7.36814E+43
1246,7.42139E+43
1247,7.39571E+43
1248,7.42078E+43
1249,7.44401E+43
1250,7.40825E+43
1251,7.34221E+43
1252,7.32192E+43
1253,7.27626E+43
1254,7.21623E+43
1255,7.3364E+43
1256,7.17321E+43
1257,7.09945E+43
1258,7.26195E+43
1259,6.98059E+43
1260,7.04887E+43
1261,6.73557E+43
1262,6.48341E+43
1263,6.56274E+43
1264,6.09944E+43
1265,6.49951E+43
1266,6.3346E+43
1267,6.38739E+43
1268,6.10274E+43
1269,4.07273E+43
1270,6.39011E+43
1271,6.73571E+43
1272,6.74998E+43
1273,6.71384E+43
1274,6.71738E+43
1275,6.82489E+43
1276,6.90641E+43
1277,6.9631E+43
1278,7.09426E+43
1279,7.04949E+43
1280,7.0135E+43
1281,6.87421E+43
1282,6.20838E+43
1283,6.78468E+43
1284,7.01469E+43
1285,7.07402E+43
1286,7.13204E+43
1287,7.055E+43
1288,7.02326E+43
1289,6.85418E+43
1290,6.9169E+43
1291,7.00669E+43
1292,6.65138E+43
1293,6.93018E+43
1294,6.79562E+43
1295,6.81704E+43
1296,6.56225E+43
1297,6.26132E+43
1298,6.61007E+43
1299,6.89555E+43
1300,5.97103E+43
1301,6.12971E+43
1302,6.63097E+43
1303,5.86849E+43
1304,5.10377E+43
1305,6.5124E+43
1306,6.52979E+43
1307,5.20648E+43
1308,5.90521E+43
1309,6.53928E+43
1310,5.13774E+43
1311,5.69375E+43
1312,5.69347E+43
1313,5.35989E+43
1314,4.9363E+43
1315,4.8967E+43
1316,5.55496E+43
1317,5.35477E+43
1318,5.71915E+43
1319,4.61741E+43
1320,4.45275E+43
1321,5.14074E+43
1322,5.20543E+43
1323,4.01809E+43
1324,4.53216E+43
1325,5.56239E+43
1326,4.84933E+43
1327,4.60761E+43
1328,4.06372E+43
1329,3.08268E+43
1330,3.97908E+43
1331,2.51922E+43
1332,2.53828E+43
1333,3.53467E+43
1334,2.95039E+43
1335,4.02881E+43
1336,3.20277E+43
1337,2.8754E+43
1338,3.11336E+43
1339,3.09425E+43
1340,2.94803E+43
1341,2.98716E+43
1342,3.1223E+43
1343,2.23365E+43
1344,1.33141E+43
1345,1.91983E+43
1346,1.02608E+43
1347,1.06099E+43
1348,8.38737E+41
1349,2.8582E+42
1350,2.83669E+42
1351,8.20387E+41
1352,2.6892E+41
1353,1.70561E+40
1354,5.15288E+40
1355,6.40601E+38
1356,8.5525E+39
1357,1.27821E+40
1358,7.47552E+38
1359,1.3098E+38
1360,3.82048E+38
1361,8.59825E+35
1362,3.23166E+33
1363,5.64739E+38
1364,2.43345E+38
1365,1.62657E+33
1366,2.29414E+39
1367,8.93197E+38
1368,2.65607E+31
1369,9.28808E+37
1370,5.25373E+37
1371,3.55285E+36
1372,4.95558E+38
1373,8.00813E+39
1374,3.23422E+40
1375,5.84057E+40
1376,4.65491E+40
1377,2.21995E+40
1378,2.00806E+41
1379,9.45415E+39
1380,1.47986E+40
1381,4.30516E+38
1382,4.66377E+38
1383,8.00304E+36
1384,1.12251E+38
1385,3.80597E+38
1386,4.59584E+38
1387,3.6295E+40
1388,7.35104E+38
1389,1.06166E+41
1390,9.02096E+40
1391,6.29276E+40
1392,4.35588E+39
1393,2.12385E+40
1394,1.38567E+40
1395,1.23278E+38
1396,1.16171E+36
1397,9.02261E+39
1398,2.3384E+41
1399,1.4963E+41
1400,5.98551E+35
1401,1.94236E+36
1402,3.38895E+41
1403,4.39849E+41
1404,1.36679E+41
1405,6.74685E+37
1406,3.78852E+41
1407,3.23688E+40
1408,3.06076E+41
1409,1.14999E+41
1410,8.67176E+40
1411,3.93274E+41
1412,4.91366E+41
1413,4.3497E+42
1414,6.78317E+40
1415,3.42748E+40
1416,6.63946E+42
1417,2.19754E+42
1418,2.53595E+42
1419,4.01414E+41
1420,1.54963E+42
1421,1.71806E+42
1422,8.68595E+42
1423,1.73127E+42
1424,3.18982E+42
1425,4.86069E+42
1426,5.22975E+42
1427,9.32769E+42
1428,8.59415E+41
1429,7.17036E+42
1430,1.16234E+43
1431,9.47265E+42
1432,4.7645E+41
1433,6.77924E+42
1434,3.96941E+42
1435,4.05862E+42
1436,7.27192E+42
1437,5.67034E+42
1438,2.51924E+42
1439,9.69741E+42
1440,7.53071E+42
1441,6.05249E+42
1442,6.9169E+42
1443,8.5881E+42
1444,1.17824E+43
1445,9.49514E+42
1446,4.41245E+42
1447,6.92302E+42
1448,2.21085E+43
1449,1.95355E+43
1450,5.25226E+42
1451,2.16149E+42
1452,1.1961E+43
1453,1.57314E+43
1454,2.64018E+43
1455,1.27143E+43
1456,1.70192E+43
1457,2.25068E+43
1458,2.62549E+43
1459,3.13936E+43
1460,1.64724E+43
1461,1.74202E+43
1462,2.52062E+43
1463,8.3574E+42
1464,2.93363E+43
1465,1.80691E+43
1466,1.26292E+43
1467,6.99144E+42
1468,1.49229E+43
1469,1.84041E+43
1470,9.65204E+42
1471,3.47132E+42
1472,9.0998E+42
1473,1.36628E+43
1474,1.89508E+43
1475,3.59283E+43
1476,1.34141E+43
1477,1.36093E+43
1478,1.23971E+43
1479,2.34366E+43
1480,1.18593E+43
1481,2.2546E+43
1482,1.14539E+43
1483,2.90812E+43
1484,2.69284E+43
1485,2.45148E+43
1486,2.42088E+43
1487,1.19112E+43
1488,1.85028E+43
1489,3.72571E+43
1490,3.4351E+43
1491,3.8883E+43
1492,3.23588E+43
1493,3.5753E+43
1494,4.01206E+43
1495,3.59915E+43
1496,3.32553E+43
1497,4.50836E+43
1498,3.74701E+43
1499,4.29942E+43
1500,4.9531E+43
1501,5.25026E+43
1502,4.62327E+43
1503,3.6647E+43
1504,3.18028E+43
1505,3.65181E+43
1506,5.11328E+43
1507,5.06617E+43
1508,4.82955E+43
1509,3.71966E+43
1510,5.3815E+43
1511,5.27047E+43
1512,5.19293E+43
1513,4.83284E+43
1514,4.50451E+43
1515,5.30375E+43
1516,5.13016E+43
1517,4.98351E+43
1518,5.04343E+43
1519,4.89219E+43
1520,5.29733E+43
1521,5.51109E+43
1522,5.28964E+43
1523,5.61855E+43
1524,5.5294E+43
1525,5.20138E+43
1526,5.37807E+43
1527,5.27615E+43
1528,5.62248E+43
1529,5.48884E+43
1530,5.14557E+43
1531,5.44201E+43
1532,5.61995E+43
1533,5.59845E+43
1534,5.43644E+43
1535,5.39875E+43
1536,5.5596E+43
1537,5.53799E+43
1538,5.51426E+43
1539,5.53706E+43
1540,5.37727E+43
1541,5.46522E+43
1542,5.47379E+43
1543,5.5347E+43
1544,5.53912E+43
1545,5.64312E+43
1546,5.60125E+43
1547,5.56962E+43
1548,5.44364E+43
1549,5.58333E+43
1550,5.51502E+43
1551,5.53267E+43
1552,5.56193E+43
1553,5.55519E+43
1554,5.42405E+43
1555,5.48618E+43
1556,5.39767E+43
1557,5.55577E+43
1558,5.51537E+43
1559,5.51066E+43
1560,5.46488E+43
1561,5.55754E+43
1562,5.51046E+43
1563,5.49575E+43
1564,5.41609E+43
1565,5.5151E+43
1566,5.41898E+43
1567,5.43519E+43
1568,5.31762E+43
1569,5.26545E+43
1570,5.0049E+43
1571,4.87019E+43
1572,4.92831E+43
1573,4.85504E+43
1574,5.0106E+43
1575,4.97746E+43
1576,5.1273E+43
1577,4.49169E+43
1578,4.89274E+43
1579,4.92819E+43
1580,5.09572E+43
1581,5.18325E+43
1582,5.04551E+43
1583,5.16532E+43
1584,5.19931E+43
1585,5.40495E+43
1586,5.34445E+43
1587,5.29205E+43
1588,5.25424E+43
1589,4.86498E+43
1590,5.06628E+43
1591,5.07314E+43
1592,5.2921E+43
1593,5.42293E+43
1594,5.38265E+43
1595,5.42779E+43
1596,5.14278E+43
1597,5.1967E+43
1598,5.35345E+43
1599,5.10038E+43
1600,5.02152E+43
1601,4.71144E+43
1602,4.73373E+43
1603,4.73342E+43
1604,4.83039E+43
1605,5.01043E+43
1606,5.11007E+43
1607,4.93535E+43
1608,4.87428E+43
1609,4.82165E+43
1610,4.61889E+43
1611,4.81693E+43
1612,4.90368E+43
1613,5.0435E+43
1614,5.07181E+43
1615,5.13148E+43
1616,4.90993E+43
1617,5.00138E+43
1618,5.19369E+43
1619,5.14309E+43
1620,5.00736E+43
1621,5.0065E+43
1622,5.07912E+43
1623,5.1875E+43
1624,5.19577E+43
1625,5.09469E+43
1626,5.13863E+43
1627,5.16475E+43
1628,5.17853E+43
1629,5.18392E+43
1630,5.08272E+43
1631,5.11947E+43
1632,5.12593E+43
1633,5.0101E+43
1634,5.01628E+43
1635,5.03798E+43
1636,5.07813E+43
1637,4.90023E+43
1638,4.7541E+43
1639,4.76079E+43
1640,4.65311E+43
1641,4.75279E+43
1642,4.7822E+43
1643,4.66742E+43
1644,4.84735E+43
1645,4.73492E+43
1646,4.72239E+43
1647,4.94602E+43
1648,4.708E+43
1649,4.7565E+43
1650,4.90288E+43
1651,4.54276E+43
1652,4.87565E+43
1653,4.85774E+43
1654,4.71033E+43
1655,4.85419E+43
1656,4.82904E+43
1657,4.85871E+43
1658,4.91945E+43
1659,4.84229E+43
1660,4.89183E+43
1661,4.90672E+43
1662,4.80572E+43
1663,4.88014E+43
1664,4.85327E+43
1665,4.65492E+43
1666,3.93534E+43
1667,4.63676E+43
1668,4.72531E+43
1669,4.74128E+43
1670,4.88776E+43
1671,4.82744E+43
1672,4.66882E+43
1673,4.77829E+43
1674,4.76979E+43
1675,4.72514E+43
1676,4.68044E+43
1677,4.70235E+43
1678,4.63617E+43
1679,4.72458E+43
1680,4.56238E+43
1681,4.31856E+43
1682,4.52514E+43
1683,4.64816E+43
1684,4.40555E+43
1685,4.7465E+43
1686,4.68367E+43
1687,4.56628E+43
1688,4.6867E+43
1689,4.62371E+43
1690,4.58358E+43
1691,4.31489E+43
1692,4.63101E+43
1693,4.72861E+43
1694,4.585E+43
1695,4.6974E+43
1696,4.69005E+43
1697,4.06336E+43
1698,4.65503E+43
1699,4.61559E+43
1700,4.48915E+43
1702,4.5891E+43
1705,4.45863E+43
1710,4.24923E+43
1715,4.30214E+43
1720,4.25424E+43
1725,4.06441E+43
1730,3.98512E+43
1735,3.70923E+43
1740,3.87265E+43
1745,3.57601E+43
1750,3.83722E+43
1755,3.55508E+43
1760,3.72686E+43
1765,3.10504E+43
1770,3.32131E+43
1775,2.70025E+43
1780,2.37008E+43
1785,1.82115E+43
1790,2.10868E+43
1795,1.11691E+43
1800,7.59772E+42
1805,3.54714E+42
1810,2.327E+42
1815,7.9026E+41
1820,2.38469E+41
1825,3.08581E+41
1830,1.26362E+39
1835,1.56303E+39
1840,1.53117E+37
1845,1.53435E+39
1850,7.36603E+38
1855,6.9951E+37
1860,2.75562E+39
1865,4.21133E+39
1870,6.63381E+34
1875,1.12681E+35
1880,1.94159E+40
1885,1.10297E+40
1890,5.62987E+40
1895,3.27615E+40
1900,2.1889E+38
1905,1.4421E+38
1910,5.88897E+39
1915,5.1112E+39
1920,1.15789E+41
1925,2.41123E+41
1930,1.42636E+41
1935,9.3006E+41
1940,8.51634E+41
1945,2.82534E+42
1950,4.36041E+42
1955,2.62211E+42
1960,5.73547E+42
1965,7.49494E+42
1970,1.28436E+43
1975,1.78802E+43
1980,1.99412E+43
1985,2.1982E+43
1990,2.2712E+43
1995,2.15952E+43
2000,1.01728E+43
2005,4.01145E+42
2010,1.06545E+43
2015,7.1646E+42
2020,1.21238E+43
2025,1.99947E+43
2030,2.29857E+43
2035,2.61754E+43
2040,2.44506E+43
2045,2.4869E+43
2050,1.86042E+43
2055,1.50804E+43
2060,1.90485E+43
2065,1.7079E+43
2070,1.81743E+43
2075,2.1481E+43
2080,2.41354E+43
2085,2.37179E+43
2090,2.48897E+43
2095,2.51317E+43
2100,2.41797E+43
2105,2.62084E+43
2110,2.52828E+43
2115,2.59131E+43
2120,2.48161E+43
2125,2.51693E+43
2130,2.55519E+43
2135,2.56863E+43
2140,2.59529E+43
2145,2.56474E+43
2150,2.43179E+43
2155,2.44321E+43
2160,2.42971E+43
2165,2.20808E+43
2170,2.37807E+43
2175,2.33873E+43
2180,2.38374E+43
2185,2.17758E+43
2190,2.31469E+43
2195,2.31783E+43
2200,2.09454E+43
2205,2.18222E+43
2210,2.34389E+43
2215,2.25949E+43
2220,2.30803E+43
2225,2.24588E+43
2230,2.26082E+43
2235,2.22231E+43
2240,2.19234E+43
2245,2.12934E+43
2250,2.16836E+43
2255,2.04564E+43
2260,2.02804E+43
2265,2.06977E+43
2270,1.97526E+43
2275,1.95402E+43
2280,2.02767E+43
2285,1.93409E+43
2290,1.94283E+43
2295,1.88695E+43
2300,1.81586E+43
2305,1.83078E+43
2310,1.98033E+43
2315,1.80681E+43
2320,1.62064E+43
2325,1.75462E+43
2330,1.77752E+43
2335,1.81716E+43
2340,1.44022E+43
2345,1.61838E+43
2350,1.31084E+43
2355,1.50128E+43
2360,1.59207E+43
2365,1.56929E+43
2370,9.81139E+42
2375,1.40821E+43
2380,1.36029E+43
2385,9.87705E+42
2390,1.19156E+43
2395,1.30618E+43
2400,1.42375E+43
2405,1.08608E+43
2410,1.09546E+43
2415,8.86535E+42
2420,8.65388E+42
2425,1.07918E+43
2430,1.47448E+43
2435,4.87771E+42
2440,1.421E+43
2445,6.85219E+42
2450,4.49492E+42
2455,8.22515E+42
2460,1.10661E+43
2465,8.02923E+42
2470,5.57446E+42
2475,5.49609E+42
2480,2.69155E+42
2485,1.88259E+42
2490,1.18091E+42
2495,9.6969E+41
2500,2.38535E+42
2505,5.13993E+41
2510,7.51314E+41
2515,1.76214E+41
2520,1.26085E+41
2525,1.41117E+40
2530,2.17202E+38
2535,5.98942E+37
2540,1.29298E+38
2545,1.84618E+34
2550,9.70966E+31
2555,3.59704E+35
2560,1.07119E+34
2565,5.5143E+30
2570,5.28272E+26
2575,3.74084E+17
2580,1.32776E+23
2585,59844538708
2590,1.91044E+14
2595,7.97986E+11
2600,1.57167E+17
2605,20354152404
2610,2.08812E+11
2615,39401476.47
2620,1.99254E+16
2625,1.36677E+17
2630,1
2635,1.38417E+29
2640,4.17517E+28
2645,3.20421E+26
2650,5.10022E+25
2655,4.69561E+17
2660,9.33962E+19
2665,39934299.19
2670,1
2675,1
2680,1
2685,1
2690,3.71448E+15
2695,2.59649E+12
2700,1
2705,1074.28036
2710,4132188226
2715,1.41993E+19
2720,2.068441065
2725,2.70229E+23
2730,2.25668E+26
2735,2.0453E+24
2740,8.71161E+17
2745,4.9248E+21
2750,6.25227E+16
2755,25.1405349
2760,1
2765,1.01288E+18
2770,3.17661E+21
2775,15194880.15
2780,1.83044E+11
2785,1.48321E+18
2790,4.65389E+28
2795,1.38752E+29
2800,6.33062E+32
2805,2.59644E+31
2810,1.55142E+35
2815,1.10823E+35
2820,7.95364E+33
2825,6.82752E+37
2830,1.51562E+39
2835,8.28211E+34
2840,7.64786E+37
2845,1.58538E+40
2850,4.527E+38
2855,1.75948E+38
2860,9.96114E+39
2865,6.59769E+40
2870,2.48895E+39
2875,1.54706E+41
2880,9.78268E+40
2885,1.79679E+41
2890,7.39474E+40
2895,1.05976E+42
2900,3.23343E+41
2905,4.42873E+40
2910,1.0883E+42
2915,5.03917E+41
2920,1.16137E+42
2925,4.35446E+41
2930,2.36941E+42
2935,2.61711E+42
2940,6.57296E+41
2945,5.86256E+41
2950,2.1186E+42
2955,9.48339E+41
2960,1.86933E+42
2965,3.02955E+42
2970,1.43753E+41
2975,3.49125E+41
2980,5.4774E+41
2985,2.85487E+42
2990,4.22163E+42
2995,1.75884E+42
3000,3.23336E+42
3005,1.19293E+42
3010,2.83079E+42
3015,2.30014E+42
3020,2.62808E+41
3025,3.11691E+42
3030,2.52777E+42
3035,1.04134E+42
3040,8.44958E+41
3045,1.75983E+42
3050,4.32248E+41
3055,1.21419E+41
3060,2.64703E+42
3065,1.22495E+42
3070,7.37174E+41
3075,2.54182E+42
3080,1.5313E+42
3085,7.48184E+41
3090,1.00948E+42
3095,2.7825E+41
3100,1.87211E+42
3105,3.92622E+41
3110,3.60854E+41
3115,9.69132E+41
3120,4.20301E+42
3125,1.2984E+42
3130,2.4734E+42
3135,4.92143E+42
3140,1.4315E+42
3145,1.40246E+42
3150,2.88284E+42
3155,2.43832E+42
3160,3.99967E+42
3165,6.08152E+42
3170,5.43828E+42
3175,4.01684E+42
3180,4.62924E+42
3185,3.5279E+42
3190,1.85306E+42
3195,1.17889E+42
3200,1.92239E+41
3205,1.36012E+41
3210,5.99596E+40
3215,2.19123E+41
3220,7.09674E+41
3225,8.77958E+40
3230,1.50763E+41
3235,3.23134E+42
3240,1.66228E+42
3245,3.26206E+41
3250,1.15999E+42
3255,4.42886E+42
3260,5.46662E+41
3265,1.0935E+42
3270,5.45323E+41
3275,2.65516E+42
3280,1.2856E+42
3285,5.00181E+42
3290,3.94175E+42
3295,5.51503E+41
3300,8.03371E+41
3305,1.78217E+42
3310,1.77673E+42
3315,7.31691E+39
3320,2.72488E+40
3325,1.60078E+42
3330,2.124E+42
3335,4.13864E+42
3340,1.58158E+42
3345,1.62112E+42
3350,3.68131E+42
3355,1.66784E+42
3360,2.41108E+42
3365,3.31399E+42
3370,1.81831E+42
3375,3.90979E+42
3380,2.36729E+42
3385,3.47417E+42
3390,4.5786E+42
3395,4.44229E+42
3400,5.82962E+42
3405,2.08162E+42
3410,3.31001E+42
3415,3.40734E+42
3420,6.1734E+42
3425,4.69873E+42
3430,4.08622E+42
3435,5.43992E+42
3440,3.78875E+42
3445,5.34405E+42
3450,5.27364E+42
3455,3.9345E+42
3460,5.94142E+42
3465,4.66161E+42
3470,5.83101E+42
3475,5.21002E+42
3480,5.3516E+42
3485,5.77395E+42
3490,4.98109E+42
3495,5.8716E+42
3500,5.71333E+42
3505,5.66966E+42
3510,5.75108E+42
3515,5.53085E+42
3520,5.83862E+42
3525,5.51071E+42
3530,5.37198E+42
3535,4.57076E+42
3540,4.37099E+42
3545,4.62452E+42
3550,5.11296E+42
3555,4.4008E+42
3560,5.25101E+42
3565,5.28547E+42
3570,4.06609E+42
3575,4.22103E+42
3580,4.98083E+42
3585,4.48838E+42
3590,4.63408E+42
3595,4.74706E+42
3600,5.04431E+42
3605,5.09876E+42
3610,4.67165E+42
3615,4.67484E+42
3620,5.73928E+42
3625,5.06655E+42
3630,4.93269E+42
3635,5.11012E+42
3640,5.70334E+42
3645,5.27303E+42
3650,5.04257E+42
3655,5.47543E+42
3660,5.45114E+42
3665,5.12793E+42
3670,3.95658E+42
3675,2.42158E+42
3680,4.18329E+42
3685,4.74476E+42
3690,4.87896E+42
3695,5.10724E+42
3700,5.49014E+42
3705,5.44226E+42
3710,4.73789E+42
3715,4.67377E+42
3720,5.26343E+42
3725,5.43323E+42
3730,4.7148E+42
3735,4.37102E+42
3740,4.512E+42
3745,5.27391E+42
3750,4.74883E+42
3755,4.60208E+42
3760,4.54215E+42
3765,4.38728E+42
3770,4.68762E+42
3775,4.6564E+42
3780,4.93129E+42
3785,4.54446E+42
3790,4.00507E+42
3795,4.5852E+42
3800,5.10328E+42
3805,4.82225E+42
3810,4.27845E+42
3815,4.03024E+42
3820,5.02234E+42
3825,4.95076E+42
3830,5.00223E+42
3835,4.01615E+42
3840,4.69219E+42
3845,4.59558E+42
3850,4.62621E+42
3855,4.46465E+42
3860,4.1998E+42
3865,4.26035E+42
3870,3.87686E+42
3875,3.56607E+42
3880,3.45018E+42
3885,3.58022E+42
3890,3.64299E+42
3895,3.96236E+42
3900,4.20575E+42
3905,4.21183E+42
3910,3.79604E+42
3915,3.72175E+42
3920,3.70496E+42
3925,3.65905E+42
3930,3.76955E+42
3935,3.93685E+42
3940,3.96778E+42
3945,4.04694E+42
3950,4.09826E+42
3955,4.15303E+42
3960,4.17332E+42
3965,4.20947E+42
3970,4.14713E+42
3975,4.05976E+42
3980,3.99839E+42
3985,4.02796E+42
3990,4.00005E+42
3995,3.91666E+42
4000,3.86382E+42
